{
  "__version__": "1.0.0",
  "builder": {},
  "gizmos-infos": {
    "is2D": false,
    "is3DIcon": false,
    "iconSize": 2,
    "gridVisible": true,
    "gridColor": [
      166,
      166,
      166,
      255
    ],
    "transformToolName": "position",
    "pivot": "pivot",
    "coordinate": "local",
    "toolsVisibility3d": true
  },
  "": {
    "sculpt_brush_rotate": 0
  },
  "snap-configs": {
    "position": {
      "x": 1,
      "y": 1,
      "z": 1
    },
    "rotation": 1,
    "scale": 1,
    "isPositionSnapEnabled": false,
    "isRotationSnapEnabled": false,
    "isScaleSnapEnabled": false
  },
  "rect-snap-configs": {
    "enableSnapping": true,
    "snapThreshold": 4
  },
  "float-window": {
    "position": {
      "cc": {
        "Camera": {
          "dock": false,
          "top": null,
          "bottom": 10,
          "left": null,
          "right": 10
        }
      }
    }
  },
  "camera-infos": {
    "f46876e4-e81b-4931-b493-6d367be385e7": {
      "position": {
        "x": 22.007329301876357,
        "y": 22.007329301876354,
        "z": 22.00732930187635
      },
      "rotation": {
        "x": -0.27984814233312133,
        "y": 0.3647051996310009,
        "z": 0.11591689595929512,
        "w": 0.8804762392171493
      },
      "viewCenter": {
        "x": 0,
        "y": 0,
        "z": 0
      },
      "contentRect": {
        "x": 0,
        "y": 0,
        "width": 1182,
        "height": 652
      },
      "scale": 1
    },
    "8f4c029b-c939-45bd-bb2a-00ae4c3d2f3d": {
      "position": {
        "x": 591,
        "y": 326,
        "z": 5000
      },
      "rotation": {
        "x": 0,
        "y": 0,
        "z": 0,
        "w": 1
      },
      "viewCenter": {
        "x": 0,
        "y": 6,
        "z": 0
      },
      "contentRect": {
        "x": 5.004408099114918,
        "y": 8.792017274618443,
        "width": 0,
        "height": 0
      },
      "scale": 42.224253144732145
    },
    "6e6bd96a-0986-4a92-a168-29d690893d38": {
      "position": {
        "x": -1.6454903882693088,
        "y": 3.6692375745060417,
        "z": 4.918258728579531
      },
      "rotation": {
        "x": -0.2990895336454378,
        "y": -0.15317295159338604,
        "z": -0.04870600719086625,
        "w": 0.9405908901469586
      },
      "viewCenter": {
        "x": 0,
        "y": 0,
        "z": 0
      },
      "contentRect": {
        "x": 0,
        "y": 0,
        "width": 300,
        "height": 150
      },
      "scale": 1
    },
    "884899de-d9b2-4a42-978d-c1cabd138c65": {
      "position": {
        "x": -1.0882464959434333,
        "y": 8.33042977669804,
        "z": 13.995409067594807
      },
      "rotation": {
        "x": -0.42669548158712706,
        "y": -0.08569209422497476,
        "z": -0.04065387639981166,
        "w": 0.8994081905976489
      },
      "viewCenter": {
        "x": -0.4293494787088481,
        "y": 4.0581637679423865,
        "z": 10.568967716167641
      },
      "contentRect": {
        "x": 0,
        "y": 0,
        "width": 300,
        "height": 150
      },
      "scale": 1
    }
  },
  "camera-uuids": [
    "f46876e4-e81b-4931-b493-6d367be385e7",
    "8f4c029b-c939-45bd-bb2a-00ae4c3d2f3d",
    "6e6bd96a-0986-4a92-a168-29d690893d38",
    "884899de-d9b2-4a42-978d-c1cabd138c65"
  ],
  "camera": {
    "color": [
      48,
      48,
      48,
      255
    ],
    "fov": 45,
    "far": 10000,
    "near": 0.01,
    "wheelSpeed": 0.01,
    "wanderSpeed": 10,
    "enableAcceleration": true,
    "size": "__default_design__",
    "far2D": 10000,
    "near2D": 1,
    "wheelSpeed2D": 6,
    "iso": 0,
    "aperture": 19,
    "shutter": 7,
    "size_rotate": false
  },
  "scene_view": {
    "isSceneLightOn": null,
    "output_device": "__default_design__"
  },
  "game-view": {
    "stats": false
  }
}
