{
  "__version__": "1.0.0",
  "builder": {},
  "gizmos-infos": {
    "is2D": false,
    "is3DIcon": false,
    "iconSize": 2,
    "gridVisible": true,
    "gridColor": [
      166,
      166,
      166,
      255
    ],
    "transformToolName": "position",
    "pivot": "pivot",
    "coordinate": "local",
    "toolsVisibility3d": true
  },
  "": {
    "sculpt_brush_rotate": 0
  },
  "snap-configs": {
    "position": {
      "x": 1,
      "y": 1,
      "z": 1
    },
    "rotation": 1,
    "scale": 1,
    "isPositionSnapEnabled": false,
    "isRotationSnapEnabled": false,
    "isScaleSnapEnabled": false
  },
  "rect-snap-configs": {
    "enableSnapping": true,
    "snapThreshold": 4
  },
  "float-window": {
    "position": {
      "cc": {
        "Camera": {
          "dock": false,
          "top": null,
          "bottom": 10,
          "left": null,
          "right": 10
        }
      }
    }
  },
  "camera-infos": {
    "f46876e4-e81b-4931-b493-6d367be385e7": {
      "position": {
        "x": 22.007329301876357,
        "y": 22.007329301876354,
        "z": 22.00732930187635
      },
      "rotation": {
        "x": -0.27984814233312133,
        "y": 0.3647051996310009,
        "z": 0.11591689595929512,
        "w": 0.8804762392171493
      },
      "viewCenter": {
        "x": 0,
        "y": 0,
        "z": 0
      },
      "contentRect": {
        "x": 0,
        "y": 0,
        "width": 1182,
        "height": 652
      },
      "scale": 1
    },
    "8f4c029b-c939-45bd-bb2a-00ae4c3d2f3d": {
      "position": {
        "x": 591,
        "y": 326,
        "z": 5000
      },
      "rotation": {
        "x": 0,
        "y": 0,
        "z": 0,
        "w": 1
      },
      "viewCenter": {
        "x": 0,
        "y": 6,
        "z": 0
      },
      "contentRect": {
        "x": 0,
        "y": 0,
        "width": 925,
        "height": 652
      },
      "scale": 1
    },
    "884899de-d9b2-4a42-978d-c1cabd138c65": {
      "position": {
        "x": -14.632308602520647,
        "y": 7.907274135760481,
        "z": 3.7735315612250804
      },
      "rotation": {
        "x": -0.08474843476643557,
        "y": -0.6089565549168142,
        "z": -0.0656654685239226,
        "w": 0.7859247185780697
      },
      "viewCenter": {
        "x": 0,
        "y": 4.61,
        "z": 0
      },
      "contentRect": {
        "x": 0,
        "y": 0,
        "width": 925,
        "height": 652
      },
      "scale": 1
    },
    "6e6bd96a-0986-4a92-a168-29d690893d38": {
      "position": {
        "x": 0.09024385965734696,
        "y": 0.33508943866812874,
        "z": 2.1401774637471167
      },
      "rotation": {
        "x": -0.07749210584562503,
        "y": 0.021005840230140755,
        "z": 0.0016330610669503078,
        "w": 0.9967703152278301
      },
      "viewCenter": {
        "x": 0,
        "y": 0,
        "z": 0
      },
      "contentRect": {
        "x": 0,
        "y": 0,
        "width": 925,
        "height": 652
      },
      "scale": 1
    }
  },
  "camera-uuids": [
    "f46876e4-e81b-4931-b493-6d367be385e7",
    "8f4c029b-c939-45bd-bb2a-00ae4c3d2f3d",
    "884899de-d9b2-4a42-978d-c1cabd138c65",
    "6e6bd96a-0986-4a92-a168-29d690893d38"
  ],
  "camera": {
    "color": [
      48,
      48,
      48,
      255
    ],
    "fov": 45,
    "far": 10000,
    "near": 0.01,
    "wheelSpeed": 0.01,
    "wanderSpeed": 10,
    "enableAcceleration": true,
    "size": "__default_design__",
    "far2D": 10000,
    "near2D": 1,
    "wheelSpeed2D": 6,
    "iso": 0,
    "aperture": 19,
    "shutter": 7,
    "size_rotate": false
  },
  "scene_view": {
    "isSceneLightOn": null,
    "output_device": "__default_design__"
  },
  "game-view": {
    "stats": false
  }
}
